{"epoch": 39, "train_loss": 0.5910317301750183, "train_auc": 0.7533099889051671, "train_acc": 0.6921928327645052, "valid_auc": 0.7422701066489727, "valid_acc": 0.6870646766169154, "_timestamp": 1650601885, "_runtime": 63, "_step": 39, "_wandb": {"runtime": 64}}