{"epoch": 7, "train_loss": 0.6942916512489319, "train_auc": 0.4899456380531805, "train_acc": 0.5211177474402731, "valid_auc": 0.703426493735253, "valid_acc": 0.5208955223880597, "_timestamp": 1651121104, "_runtime": 20, "_step": 7, "_wandb": {"runtime": 21}}