{"epoch": 3, "train_loss": 0.6350159049034119, "train_auc": 0.7363871321816708, "train_acc": 0.6828071672354948, "valid_auc": 0.7344219403507622, "valid_acc": 0.6786069651741293, "_timestamp": 1650594796, "_runtime": 10, "_step": 3, "_wandb": {"runtime": 13}}