{"epoch": 5, "train_loss": 0.6939406991004944, "train_auc": 0.4975290521438918, "train_acc": 0.5121587030716723, "valid_auc": 0.5, "valid_acc": 0.5208955223880597, "_timestamp": 1650870018, "_runtime": 14, "_step": 5, "_wandb": {"runtime": 14}}