{"loss": 0.6929104924201965, "acc": 0.778, "auc": 0.8174097428343843, "_timestamp": 1651107234, "_runtime": 20, "_step": 19, "_wandb": {"runtime": 20}}